epoch,loss,elapsed_seconds
1,1.6829051787872382,0.8291516304016113
2,1.5504441360317998,1.681401014328003
3,1.4698462630173899,2.5268521308898926
4,1.410624756433416,3.348097085952759
5,1.3613117460409419,4.174349308013916
6,1.3182622047904828,4.997209787368774
7,1.279077839852142,5.828400373458862
8,1.2444151844359235,6.657520532608032
9,1.2119859332594178,7.483063697814941
10,1.1832390204388963,8.314525365829468
11,1.1578037924231637,9.15027117729187
12,1.1337792856528617,10.155357837677002
13,1.1137583992041427,11.248090982437134
14,1.0942132247293903,12.247413873672485
15,1.0777886987506544,13.08189344406128
16,1.0618720649090472,13.909459114074707
17,1.0482475686293702,14.75539517402649
18,1.0355666019490763,15.586425542831421
19,1.024591633825336,16.41651177406311
20,1.0132992776125127,17.2468204498291
21,1.0043401893580886,18.450279235839844
22,0.9954617105793084,19.540122509002686
23,0.988212152493342,20.365980863571167
24,0.9799550213054362,21.224628448486328
25,0.9735185571261065,22.137490034103394
26,0.9672453760322894,23.25393271446228
27,0.9609033549273879,24.625748872756958
28,0.9551373806669491,25.76434636116028
29,0.9497842083003835,26.611215353012085
30,0.9446137358801182,27.586889266967773
